product_key,product_id,product_name,brand_name,category_name,model_year,list_price,eff_date,exp_date,active_flag
1859,281,Electra Cruiser 7D (24-Inch) Ladies' - 2016/2018,Electra,Children Bicycles,2018,319.99,2016-01-01,9999-12-31,Y
1345,169,Trek Emonda SLR 8 - 2018,Trek,Road Bikes,2018,6499.99,2016-01-01,9999-12-31,Y
3588,25,Electra Townie Original 7D - 2015/2016,Electra,Comfort Bicycles,2016,499.99,2016-01-01,9999-12-31,Y
4355,101,Electra Townie 7D (20-inch) - Boys' - 2017,Electra,Children Bicycles,2017,339.99,2016-01-01,9999-12-31,Y
836,18,Pure Cycles Western 3-Speed - Women's - 2015/2016,Pure Cycles,Cruisers Bicycles,2016,449.00,2016-01-01,9999-12-31,Y
1540,41,Haro Shift R3 - 2017,Haro,Mountain Bikes,2017,1469.99,2016-01-01,9999-12-31,Y
3201,189,Trek Lift+ Lowstep - 2018,Trek,Electric Bikes,2018,2799.99,2016-01-01,9999-12-31,Y
4227,5,Heller Shagamaw Frame - 2016,Heller,Mountain Bikes,2016,1320.99,2016-01-01,9999-12-31,Y
4482,224,Electra Cruiser Lux 7D - 2018,Electra,Cruisers Bicycles,2018,479.99,2016-01-01,9999-12-31,Y
259,269,Trek Precaliber 12 Boy's - 2018,Trek,Children Bicycles,2018,199.99,2016-01-01,9999-12-31,Y
1218,91,Trek Precaliber 24 (21-Speed) - Girls - 2017,Trek,Children Bicycles,2017,349.99,2016-01-01,9999-12-31,Y
1668,53,Surly Ogre Frameset - 2017,Surly,Road Bikes,2017,749.99,2016-01-01,9999-12-31,Y
4548,112,Trek 820 - 2018,Trek,Mountain Bikes,2018,379.99,2016-01-01,9999-12-31,Y
452,290,Electra Superbolt 3i 20 - 2018,Electra,Children Bicycles,2018,369.99,2016-01-01,9999-12-31,Y
2881,123,Trek Farley Carbon Frameset - 2018,Trek,Mountain Bikes,2018,999.99,2016-01-01,9999-12-31,Y
3778,11,Surly Straggler 650b - 2016,Surly,Cyclocross Bicycles,2016,1680.99,2016-01-01,9999-12-31,Y
516,43,Trek Fuel EX 9.8 27.5 Plus - 2017,Trek,Mountain Bikes,2017,5299.99,2016-01-01,9999-12-31,Y
770,313,Electra Townie Original 1 Ladies' - 2018,Electra,Comfort Bicycles,2018,449.99,2016-01-01,9999-12-31,Y
1602,20,Electra Townie Original 7D EQ - Women's - 2016,Electra,Cruisers Bicycles,2016,599.99,2016-01-01,9999-12-31,Y
4673,307,Electra Townie Balloon 8D EQ - 2016/2017/2018,Electra,Comfort Bicycles,2018,749.99,2016-01-01,9999-12-31,Y
4164,138,Trek Fuel EX 5 Plus - 2018,Trek,Mountain Bikes,2018,2249.99,2016-01-01,9999-12-31,Y
5313,97,Electra Savannah 3i (20-inch) - Girl's - 2017,Electra,Children Bicycles,2017,349.99,2016-01-01,9999-12-31,Y
2820,184,Trek Domane SL 6 Disc - 2018,Trek,Road Bikes,2018,3499.99,2016-01-01,9999-12-31,Y
898,165,Trek 1120 - 2018,Trek,Road Bikes,2018,2499.99,2016-01-01,9999-12-31,Y
4676,96,Electra Moto 3i (20-inch) - Boy's - 2017,Electra,Children Bicycles,2017,349.99,2016-01-01,9999-12-31,Y
1220,116,Trek Marlin 7 - 2017/2018,Trek,Mountain Bikes,2018,749.99,2016-01-01,9999-12-31,Y
3779,8,Trek Remedy 29 Carbon Frameset - 2016,Trek,Mountain Bikes,2016,1799.99,2016-01-01,9999-12-31,Y
3841,37,Haro Flightline One ST - 2017,Haro,Mountain Bikes,2017,379.99,2016-01-01,9999-12-31,Y
3970,194,Trek XM700+ - 2018,Trek,Electric Bikes,2018,3499.99,2016-01-01,9999-12-31,Y
3204,163,Surly Pack Rat - 2018,Surly,Road Bikes,2018,1349.00,2016-01-01,9999-12-31,Y
3458,27,Surly Big Dummy Frameset - 2017,Surly,Mountain Bikes,2017,999.99,2016-01-01,9999-12-31,Y
3652,87,Trek Precaliber 12 Boys - 2017,Trek,Children Bicycles,2017,189.99,2016-01-01,9999-12-31,Y
260,22,Electra Girl's Hawaii 1 (16-inch) - 2015/2016,Electra,Children Bicycles,2016,269.99,2016-01-01,9999-12-31,Y
3,176,Trek Madone 9 Frameset - 2018,Trek,Road Bikes,2018,3199.99,2016-01-01,9999-12-31,Y
1089,74,Electra Cruiser Lux 1 - 2017,Electra,Cruisers Bicycles,2017,439.99,2016-01-01,9999-12-31,Y
1474,119,Trek Kids' Neko - 2018,Trek,Mountain Bikes,2018,469.99,2016-01-01,9999-12-31,Y
2372,230,Electra Cruiser Lux 1 Ladies' - 2018,Electra,Cruisers Bicycles,2018,429.99,2016-01-01,9999-12-31,Y
130,50,Trek Silque SLR 7 Women's - 2017,Trek,Road Bikes,2017,5999.99,2016-01-01,9999-12-31,Y
257,133,Trek Procaliber Frameset - 2018,Trek,Mountain Bikes,2018,1499.99,2016-01-01,9999-12-31,Y
644,205,Trek Super Commuter+ 8S - 2018,Trek,Electric Bikes,2018,4999.99,2016-01-01,9999-12-31,Y
900,223,Electra Cruiser Lux 3i - 2018,Electra,Cruisers Bicycles,2018,529.99,2016-01-01,9999-12-31,Y
4161,6,Surly Ice Cream Truck Frameset - 2016,Surly,Mountain Bikes,2016,469.99,2016-01-01,9999-12-31,Y
195,92,Haro Shredder 20 - 2017,Haro,Children Bicycles,2017,209.99,2016-01-01,9999-12-31,Y
4801,319,Trek Checkpoint SL 5 Women's - 2019,Trek,Road Bikes,2019,2799.99,2016-01-01,9999-12-31,Y
67,220,Electra Cruiser 1 Ladies' - 2018,Electra,Cruisers Bicycles,2018,269.99,2016-01-01,9999-12-31,Y
1667,292,Electra Sweet Ride 3i (20-inch) - Girls' - 2018,Electra,Children Bicycles,2018,369.99,2016-01-01,9999-12-31,Y
2050,69,Sun Bicycles Cruz 7 - 2017,Sun Bicycles,Cruisers Bicycles,2017,416.99,2016-01-01,9999-12-31,Y
4803,298,Electra Water Lily 1 (16-inch) - Girl's - 2018,Electra,Children Bicycles,2018,279.99,2016-01-01,9999-12-31,Y
1922,214,Electra Tiger Shark 3i - 2018,Electra,Cruisers Bicycles,2018,899.99,2016-01-01,9999-12-31,Y
1091,21,Electra Cruiser 1 (24-Inch) - 2016,Electra,Children Bicycles,2016,269.99,2016-01-01,9999-12-31,Y
3777,255,Electra Townie Balloon 7i EQ Ladies' - 2017/2018,Electra,Cruisers Bicycles,2018,899.99,2016-01-01,9999-12-31,Y
4483,148,Trek Domane SL 8 Disc - 2018,Trek,Road Bikes,2018,5499.99,2016-01-01,9999-12-31,Y
196,75,Electra Cruiser Lux Fat Tire 1 Ladies - 2017,Electra,Cruisers Bicycles,2017,599.99,2016-01-01,9999-12-31,Y
386,182,Trek Domane SL 5 Disc - 2018,Trek,Road Bikes,2018,2499.99,2016-01-01,9999-12-31,Y
1026,303,Electra Townie Go! 8i - 2017/2018,Electra,Comfort Bicycles,2018,2599.99,2016-01-01,9999-12-31,Y
2499,61,Trek Powerfly 8 FS Plus - 2017,Trek,Electric Bikes,2017,4999.99,2016-01-01,9999-12-31,Y
4546,294,Electra Tiger Shark 3i (20-inch) - Boys' - 2018,Electra,Children Bicycles,2018,369.99,2016-01-01,9999-12-31,Y
4610,26,Electra Townie Original 7D EQ - 2016,Electra,Comfort Bicycles,2016,599.99,2016-01-01,9999-12-31,Y
68,312,Electra Townie Commute 8D Ladies' - 2018,Electra,Comfort Bicycles,2018,699.99,2016-01-01,9999-12-31,Y
706,209,Trek Crockett 7 Disc - 2018,Trek,Cyclocross Bicycles,2018,2999.99,2016-01-01,9999-12-31,Y
1604,64,Electra Townie Original 7D - 2017,Electra,Cruisers Bicycles,2017,489.99,2016-01-01,9999-12-31,Y
3842,89,Trek Precaliber 16 Boys - 2017,Trek,Children Bicycles,2017,209.99,2016-01-01,9999-12-31,Y
513,117,Trek Ticket S Frame - 2018,Trek,Mountain Bikes,2018,1469.99,2016-01-01,9999-12-31,Y
2049,219,Electra Moto 3i - 2018,Electra,Cruisers Bicycles,2018,639.99,2016-01-01,9999-12-31,Y
3331,225,Electra Delivery 3i - 2016/2017/2018,Electra,Cruisers Bicycles,2018,959.99,2016-01-01,9999-12-31,Y
1858,279,Trek Precaliber 24 7-speed Girl's - 2018,Trek,Children Bicycles,2018,319.99,2016-01-01,9999-12-31,Y
2818,95,Electra Girl's Hawaii 1 16 - 2017,Electra,Children Bicycles,2017,299.99,2016-01-01,9999-12-31,Y
3138,29,Trek X-Caliber 8 - 2017,Trek,Mountain Bikes,2017,999.99,2016-01-01,9999-12-31,Y
4865,201,Trek Powerfly 5 FS - 2018,Trek,Electric Bikes,2018,4499.99,2016-01-01,9999-12-31,Y
5569,316,Trek Checkpoint ALR 4 Women's - 2019,Trek,Road Bikes,2019,1699.99,2016-01-01,9999-12-31,Y
1795,206,Trek Boone 5 Disc - 2018,Trek,Cyclocross Bicycles,2018,3299.99,2016-01-01,9999-12-31,Y
3394,128,Surly ECR 27.5 - 2018,Surly,Mountain Bikes,2018,1899.00,2016-01-01,9999-12-31,Y
4291,195,Electra Townie Go! 8i Ladies' - 2018,Electra,Electric Bikes,2018,2599.99,2016-01-01,9999-12-31,Y
2564,289,Electra Superbolt 1 20 - 2018,Electra,Children Bicycles,2018,319.99,2016-01-01,9999-12-31,Y
1346,107,Sun Bicycles Cruz 7 - 2017,Sun Bicycles,Comfort Bicycles,2017,416.99,2016-01-01,9999-12-31,Y
3139,317,Trek Checkpoint ALR 5 - 2019,Trek,Road Bikes,2019,1999.99,2016-01-01,9999-12-31,Y
3908,297,Electra Under-The-Sea 1 16 - 2018,Electra,Children Bicycles,2018,279.99,2016-01-01,9999-12-31,Y
3203,235,Electra Koa 3i Ladies' - 2018,Electra,Cruisers Bicycles,2018,899.99,2016-01-01,9999-12-31,Y
1924,251,Electra Townie Commute Go! - 2018,Electra,Cruisers Bicycles,2018,2999.99,2016-01-01,9999-12-31,Y
2115,16,Electra Townie Original 7D EQ - 2016,Electra,Cruisers Bicycles,2016,599.99,2016-01-01,9999-12-31,Y
2241,3,Surly Wednesday Frameset - 2016,Surly,Mountain Bikes,2016,999.99,2016-01-01,9999-12-31,Y
5059,273,Trek Precaliber 20 6-speed Girl's - 2018,Trek,Children Bicycles,2018,289.99,2016-01-01,9999-12-31,Y
705,216,Electra Super Moto 8i - 2018,Electra,Cruisers Bicycles,2018,899.99,2016-01-01,9999-12-31,Y
2307,234,Electra Daydreamer 3i Ladies' - 2018,Electra,Cruisers Bicycles,2018,899.99,2016-01-01,9999-12-31,Y
3073,146,Trek Domane SLR 6 - 2018,Trek,Road Bikes,2018,4999.99,2016-01-01,9999-12-31,Y
578,153,Trek Domane SL 7 Women's - 2018,Trek,Road Bikes,2018,4999.99,2016-01-01,9999-12-31,Y
1857,167,Surly ECR Frameset - 2018,Surly,Road Bikes,2018,749.99,2016-01-01,9999-12-31,Y
3266,72,Sun Bicycles Biscayne Tandem 7 - 2017,Sun Bicycles,Cruisers Bicycles,2017,619.99,2016-01-01,9999-12-31,Y
1,67,Sun Bicycles Revolutions 24 - Girl's - 2017,Sun Bicycles,Cruisers Bicycles,2017,250.99,2016-01-01,9999-12-31,Y
2946,99,Electra Sugar Skulls 1 (20-inch) - Girl's - 2017,Electra,Children Bicycles,2017,299.99,2016-01-01,9999-12-31,Y
1730,275,Trek Precaliber 20 Girl's - 2018,Trek,Children Bicycles,2018,229.99,2016-01-01,9999-12-31,Y
3650,35,Sun Bicycles Spider 3i - 2017,Sun Bicycles,Mountain Bikes,2017,832.99,2016-01-01,9999-12-31,Y
1282,293,Electra Tiger Shark 1 (20-inch) - Boys' - 2018,Electra,Children Bicycles,2018,319.99,2016-01-01,9999-12-31,Y
4481,136,Trek Procaliber 6 - 2018,Trek,Mountain Bikes,2018,1799.99,2016-01-01,9999-12-31,Y
2114,127,Surly Pack Rat Frameset - 2018,Surly,Mountain Bikes,2018,469.99,2016-01-01,9999-12-31,Y
2244,181,Trek Domane SL 5 - 2018,Trek,Road Bikes,2018,2199.99,2016-01-01,9999-12-31,Y
4035,88,Trek Precaliber 12 Girls - 2017,Trek,Children Bicycles,2017,189.99,2016-01-01,9999-12-31,Y
2371,302,Electra Townie Original 1 - 2018,Electra,Comfort Bicycles,2018,449.99,2016-01-01,9999-12-31,Y
2691,147,Trek Domane ALR 5 Gravel - 2018,Trek,Road Bikes,2018,1799.99,2016-01-01,9999-12-31,Y
4034,85,Haro Downtown 16 - 2017,Haro,Children Bicycles,2017,329.99,2016-01-01,9999-12-31,Y
3459,299,Electra Townie Original 21D - 2018,Electra,Comfort Bicycles,2018,559.99,2016-01-01,9999-12-31,Y
3651,54,Trek Domane SL Disc Frameset - 2017,Trek,Road Bikes,2017,3199.99,2016-01-01,9999-12-31,Y
1475,76,Electra Girl's Hawaii 1 16 - 2017,Electra,Cruisers Bicycles,2017,299.99,2016-01-01,9999-12-31,Y
2052,166,Trek Domane AL 2 Women's - 2018,Trek,Road Bikes,2018,749.99,2016-01-01,9999-12-31,Y
2306,36,Surly Troll Frameset - 2017,Surly,Mountain Bikes,2017,832.99,2016-01-01,9999-12-31,Y
2883,229,Electra Cruiser Lux 1 - 2016/2018,Electra,Cruisers Bicycles,2018,429.99,2016-01-01,9999-12-31,Y
3267,70,Electra Amsterdam Original 3i - 2015/2017,Electra,Cruisers Bicycles,2017,659.99,2016-01-01,9999-12-31,Y
66,164,Surly Straggler 650b - 2018,Surly,Road Bikes,2018,1549.00,2016-01-01,9999-12-31,Y
962,266,Trek Superfly 20 - 2018,Trek,Children Bicycles,2018,399.99,2016-01-01,9999-12-31,Y
963,31,Surly Wednesday - 2017,Surly,Mountain Bikes,2017,1632.99,2016-01-01,9999-12-31,Y
2948,246,Electra Townie Original 3i EQ Ladies' - 2018,Electra,Cruisers Bicycles,2018,639.99,2016-01-01,9999-12-31,Y
3905,285,Electra Soft Serve 1 (16-inch) - Girl's - 2018,Electra,Children Bicycles,2018,279.99,2016-01-01,9999-12-31,Y
3971,248,Electra Townie Original 7D EQ Ladies' - 2017/2018,Electra,Cruisers Bicycles,2018,599.99,2016-01-01,9999-12-31,Y
385,51,Trek Silque SLR 8 Women's - 2017,Trek,Road Bikes,2017,6499.99,2016-01-01,9999-12-31,Y
4484,261,Electra Townie Balloon 7i EQ - 2018,Electra,Cruisers Bicycles,2018,899.99,2016-01-01,9999-12-31,Y
194,265,Strider Strider 20 Sport - 2018,Strider,Children Bicycles,2018,289.99,2016-01-01,9999-12-31,Y
1090,143,Trek Domane ALR 3 - 2018,Trek,Road Bikes,2018,1099.99,2016-01-01,9999-12-31,Y
2884,259,Electra Amsterdam Royal 8i Ladies - 2018,Electra,Cruisers Bicycles,2018,1199.99,2016-01-01,9999-12-31,Y
3843,198,Electra Townie Commute Go! - 2018,Electra,Electric Bikes,2018,2999.99,2016-01-01,9999-12-31,Y
834,78,Sun Bicycles Biscayne Tandem CB - 2017,Sun Bicycles,Cruisers Bicycles,2017,647.99,2016-01-01,9999-12-31,Y
1154,122,Surly Troll Frameset - 2018,Surly,Mountain Bikes,2018,2499.99,2016-01-01,9999-12-31,Y
1025,252,Electra Townie Commute Go! Ladies' - 2018,Electra,Cruisers Bicycles,2018,2999.99,2016-01-01,9999-12-31,Y
1666,142,Trek Fuel EX 8 29 XT - 2018,Trek,Mountain Bikes,2018,3199.99,2016-01-01,9999-12-31,Y
4162,213,Electra Cruiser 1 - 2016/2017/2018,Electra,Cruisers Bicycles,2018,269.99,2016-01-01,9999-12-31,Y
2,191,Electra Loft Go! 8i - 2018,Electra,Electric Bikes,2018,2799.99,2016-01-01,9999-12-31,Y
1732,179,Trek Domane AL 3 - 2018,Trek,Road Bikes,2018,919.99,2016-01-01,9999-12-31,Y
2627,73,Sun Bicycles Brickell Tandem 7 - 2017,Sun Bicycles,Cruisers Bicycles,2017,749.99,2016-01-01,9999-12-31,Y
1473,233,Electra Cruiser Lux Fat Tire 7D - 2018,Electra,Cruisers Bicycles,2018,639.99,2016-01-01,9999-12-31,Y
3268,103,Sun Bicycles Streamway 3 - 2017,Sun Bicycles,Comfort Bicycles,2017,551.99,2016-01-01,9999-12-31,Y
4292,321,Trek Checkpoint ALR Frameset - 2019,Trek,Road Bikes,2019,3199.99,2016-01-01,9999-12-31,Y
5441,212,Electra Townie Original 21D - 2018,Electra,Cruisers Bicycles,2018,559.99,2016-01-01,9999-12-31,Y
131,232,Electra Cruiser Lux 7D Ladies' - 2018,Electra,Cruisers Bicycles,2018,479.99,2016-01-01,9999-12-31,Y
2180,263,Strider Classic 12 Balance Bike - 2018,Strider,Children Bicycles,2018,89.99,2016-01-01,9999-12-31,Y
5444,160,Trek Emonda SLR 6 - 2018,Trek,Road Bikes,2018,4499.99,2016-01-01,9999-12-31,Y
1476,274,Trek Precaliber 20 Boy's - 2018,Trek,Children Bicycles,2018,229.99,2016-01-01,9999-12-31,Y
1986,77,Electra Glam Punk 3i Ladies' - 2017,Electra,Cruisers Bicycles,2017,799.99,2016-01-01,9999-12-31,Y
3076,60,Sun Bicycles ElectroLite - 2017,Sun Bicycles,Electric Bikes,2017,1559.99,2016-01-01,9999-12-31,Y
3587,46,Haro SR 1.3 - 2017,Haro,Mountain Bikes,2017,1409.99,2016-01-01,9999-12-31,Y
964,183,Trek Domane SL 5 Women's - 2018,Trek,Road Bikes,2018,2199.99,2016-01-01,9999-12-31,Y
771,240,Electra Townie Commute 27D Ladies - 2018,Electra,Cruisers Bicycles,2018,899.99,2016-01-01,9999-12-31,Y
4,79,Sun Bicycles Boardwalk (24-inch Wheels) - 2017,Sun Bicycles,Cruisers Bicycles,2017,402.99,2016-01-01,9999-12-31,Y
1537,177,Trek Domane SLR 6 Disc - 2018,Trek,Road Bikes,2018,5499.99,2016-01-01,9999-12-31,Y
2562,226,Electra Townie Original 21D EQ - 2017/2018,Electra,Cruisers Bicycles,2018,679.99,2016-01-01,9999-12-31,Y
4418,249,Electra White Water 3i - 2018,Electra,Cruisers Bicycles,2018,749.99,2016-01-01,9999-12-31,Y
4929,262,Trek MT 201 - 2018,Trek,Children Bicycles,2018,249.99,2016-01-01,9999-12-31,Y
5057,305,Electra Townie Balloon 3i EQ - 2017/2018,Electra,Comfort Bicycles,2018,749.99,2016-01-01,9999-12-31,Y
129,121,Surly Krampus Frameset - 2018,Surly,Mountain Bikes,2018,2499.99,2016-01-01,9999-12-31,Y
132,168,Surly Straggler - 2018,Surly,Road Bikes,2018,1549.00,2016-01-01,9999-12-31,Y
2625,310,Electra Townie Commute 27D Ladies - 2018,Electra,Comfort Bicycles,2018,899.99,2016-01-01,9999-12-31,Y
4354,125,Trek Kids' Dual Sport - 2018,Trek,Mountain Bikes,2018,469.99,2016-01-01,9999-12-31,Y
1283,106,Sun Bicycles Cruz 3 - 2017,Sun Bicycles,Comfort Bicycles,2017,449.99,2016-01-01,9999-12-31,Y
1923,32,Trek Farley Alloy Frameset - 2017,Trek,Mountain Bikes,2017,469.99,2016-01-01,9999-12-31,Y
4931,59,Trek Domane S 5 Disc - 2017,Trek,Road Bikes,2017,2599.99,2016-01-01,9999-12-31,Y
2435,49,Trek Domane SL 6 - 2017,Trek,Road Bikes,2017,3499.99,2016-01-01,9999-12-31,Y
4932,10,Surly Straggler - 2016,Surly,Cyclocross Bicycles,2016,1549.00,2016-01-01,9999-12-31,Y
450,1,Trek 820 - 2016,Trek,Mountain Bikes,2016,379.99,2016-01-01,9999-12-31,Y
2692,44,Haro SR 1.1 - 2017,Haro,Mountain Bikes,2017,539.99,2016-01-01,9999-12-31,Y
2755,270,Trek Precaliber 16 Boy's - 2018,Trek,Children Bicycles,2018,209.99,2016-01-01,9999-12-31,Y
4993,244,Electra Townie Original 21D Ladies' - 2018,Electra,Cruisers Bicycles,2018,559.99,2016-01-01,9999-12-31,Y
4036,239,Electra Townie Balloon 8D EQ Ladies' - 2016/2017/2018,Electra,Cruisers Bicycles,2018,749.99,2016-01-01,9999-12-31,Y
897,217,Electra Straight 8 3i - 2018,Electra,Cruisers Bicycles,2018,909.99,2016-01-01,9999-12-31,Y
3649,185,Trek Conduit+ - 2018,Trek,Electric Bikes,2018,2799.99,2016-01-01,9999-12-31,Y
4033,48,Trek Emonda S 4 - 2017,Trek,Road Bikes,2017,1499.99,2016-01-01,9999-12-31,Y
321,109,Sun Bicycles Cruz 7 - Women's - 2017,Sun Bicycles,Comfort Bicycles,2017,416.99,2016-01-01,9999-12-31,Y
2882,247,Electra Townie Original 7D EQ - 2018,Electra,Cruisers Bicycles,2018,599.99,2016-01-01,9999-12-31,Y
5249,55,Trek Domane S 6 - 2017,Trek,Road Bikes,2017,2699.99,2016-01-01,9999-12-31,Y
2753,65,Sun Bicycles Lil Bolt Type-R - 2017,Sun Bicycles,Cruisers Bicycles,2017,346.99,2016-01-01,9999-12-31,Y
4228,38,Haro Flightline Two 26 Plus - 2017,Haro,Mountain Bikes,2017,549.99,2016-01-01,9999-12-31,Y
4545,258,Electra Amsterdam Royal 8i - 2017/2018,Electra,Cruisers Bicycles,2018,1259.90,2016-01-01,9999-12-31,Y
2436,7,Trek Slash 8 27.5 - 2016,Trek,Mountain Bikes,2016,3999.99,2016-01-01,9999-12-31,Y
3074,254,Electra Townie Balloon 3i EQ - 2017/2018,Electra,Cruisers Bicycles,2018,749.99,2016-01-01,9999-12-31,Y
3330,62,Trek Boone 7 - 2017,Trek,Cyclocross Bicycles,2017,3499.99,2016-01-01,9999-12-31,Y
1217,132,Trek Procal AL Frameset - 2018,Trek,Mountain Bikes,2018,1499.99,2016-01-01,9999-12-31,Y
3780,196,Trek Verve+ - 2018,Trek,Electric Bikes,2018,2299.99,2016-01-01,9999-12-31,Y
1409,120,Trek Fuel EX 7 29 - 2018,Trek,Mountain Bikes,2018,2499.99,2016-01-01,9999-12-31,Y
2369,115,Trek Fuel EX 8 29 - 2018,Trek,Mountain Bikes,2018,3199.99,2016-01-01,9999-12-31,Y
2628,170,Trek CrossRip 2 - 2018,Trek,Road Bikes,2018,1299.99,2016-01-01,9999-12-31,Y
3716,309,Electra Townie Commute 27D - 2018,Electra,Comfort Bicycles,2018,899.99,2016-01-01,9999-12-31,Y
4100,257,Electra Amsterdam Fashion 3i Ladies' - 2017/2018,Electra,Cruisers Bicycles,2018,899.99,2016-01-01,9999-12-31,Y
4290,144,Trek Domane ALR 4 Disc - 2018,Trek,Road Bikes,2018,1549.99,2016-01-01,9999-12-31,Y
1860,151,Trek Domane ALR 4 Disc Women's - 2018,Trek,Road Bikes,2018,1549.99,2016-01-01,9999-12-31,Y
514,81,Electra Amsterdam Fashion 7i Ladies' - 2017,Electra,Cruisers Bicycles,2017,1099.99,2016-01-01,9999-12-31,Y
1092,42,Trek Fuel EX 5 27.5 Plus - 2017,Trek,Mountain Bikes,2017,2299.99,2016-01-01,9999-12-31,Y
3009,306,Electra Townie Balloon 7i EQ Ladies' - 2017/2018,Electra,Comfort Bicycles,2018,899.99,2016-01-01,9999-12-31,Y
4420,58,Trek Madone 9.2 - 2017,Trek,Road Bikes,2017,4999.99,2016-01-01,9999-12-31,Y
2243,131,Heller Bloodhound Trail - 2018,Heller,Mountain Bikes,2018,2599.00,2016-01-01,9999-12-31,Y
2498,24,Electra Townie Original 21D - 2016,Electra,Comfort Bicycles,2016,549.99,2016-01-01,9999-12-31,Y
5505,63,Trek Boone Race Shop Limited - 2017,Trek,Cyclocross Bicycles,2017,3499.99,2016-01-01,9999-12-31,Y
2561,86,Trek Girl's Kickster - 2017,Trek,Children Bicycles,2017,149.99,2016-01-01,9999-12-31,Y
3010,284,Electra Savannah 1 (20-inch) - Girl's - 2018,Electra,Children Bicycles,2018,319.99,2016-01-01,9999-12-31,Y
5121,47,Trek Remedy 9.8 - 2017,Trek,Mountain Bikes,2017,5299.99,2016-01-01,9999-12-31,Y
1793,192,Electra Townie Go! 8i - 2017/2018,Electra,Electric Bikes,2018,2599.99,2016-01-01,9999-12-31,Y
2817,98,Electra Straight 8 3i (20-inch) - Boy's - 2017,Electra,Children Bicycles,2017,489.99,2016-01-01,9999-12-31,Y
4609,161,Surly ECR - 2018,Surly,Road Bikes,2018,1899.00,2016-01-01,9999-12-31,Y
2945,202,Trek Powerfly 5 Women's - 2018,Trek,Electric Bikes,2018,3499.99,2016-01-01,9999-12-31,Y
3585,13,Electra Cruiser 1 (24-Inch) - 2016,Electra,Cruisers Bicycles,2016,269.99,2016-01-01,9999-12-31,Y
4804,286,Electra Starship 1 16 - 2018,Electra,Children Bicycles,2018,279.99,2016-01-01,9999-12-31,Y
4739,129,Trek X-Caliber 7 - 2018,Trek,Mountain Bikes,2018,919.99,2016-01-01,9999-12-31,Y
1153,141,Trek Stache 5 - 2018,Trek,Mountain Bikes,2018,1599.99,2016-01-01,9999-12-31,Y
1219,175,Trek Domane SLR Frameset - 2018,Trek,Road Bikes,2018,3199.99,2016-01-01,9999-12-31,Y
2689,94,Haro Shredder Pro 20 - 2017,Haro,Children Bicycles,2017,249.99,2016-01-01,9999-12-31,Y
3586,287,Electra Straight 8 1 (16-inch) - Boy's - 2018,Electra,Children Bicycles,2018,279.99,2016-01-01,9999-12-31,Y
3844,4,Trek Fuel EX 8 29 - 2016,Trek,Mountain Bikes,2016,2899.99,2016-01-01,9999-12-31,Y
2500,174,Trek Domane SLR Disc Frameset - 2018,Trek,Road Bikes,2018,3199.99,2016-01-01,9999-12-31,Y
4097,134,Trek Remedy 27.5 C Frameset - 2018,Trek,Mountain Bikes,2018,1499.99,2016-01-01,9999-12-31,Y
835,264,Strider Sport 16 - 2018,Strider,Children Bicycles,2018,249.99,2016-01-01,9999-12-31,Y
2433,139,Trek Remedy 7 27.5 - 2018,Trek,Mountain Bikes,2018,2999.99,2016-01-01,9999-12-31,Y
4547,245,Electra Townie Original 3i EQ - 2017/2018,Electra,Cruisers Bicycles,2018,659.99,2016-01-01,9999-12-31,Y
641,152,Trek Domane SL 5 Disc Women's - 2018,Trek,Road Bikes,2018,2499.99,2016-01-01,9999-12-31,Y
2305,222,Electra Cruiser 1 Tall - 2016/2018,Electra,Cruisers Bicycles,2018,269.99,2016-01-01,9999-12-31,Y
2754,318,Trek Checkpoint ALR 5 Women's - 2019,Trek,Road Bikes,2019,1999.99,2016-01-01,9999-12-31,Y
1347,68,Sun Bicycles Cruz 3 - 2017,Sun Bicycles,Cruisers Bicycles,2017,449.99,2016-01-01,9999-12-31,Y
1665,52,Surly Steamroller - 2017,Surly,Road Bikes,2017,875.99,2016-01-01,9999-12-31,Y
2370,238,Electra Townie Balloon 8D EQ - 2016/2017/2018,Electra,Cruisers Bicycles,2018,749.99,2016-01-01,9999-12-31,Y
2690,197,Trek Verve+ Lowstep - 2018,Trek,Electric Bikes,2018,2299.99,2016-01-01,9999-12-31,Y
4675,113,Trek Marlin 5 - 2018,Trek,Mountain Bikes,2018,489.99,2016-01-01,9999-12-31,Y
258,108,Sun Bicycles Cruz 3 - Women's - 2017,Sun Bicycles,Comfort Bicycles,2017,449.99,2016-01-01,9999-12-31,Y
323,253,Electra Townie Go! 8i Ladies' - 2018,Electra,Cruisers Bicycles,2018,2599.99,2016-01-01,9999-12-31,Y
65,30,Surly Ice Cream Truck Frameset - 2017,Surly,Mountain Bikes,2017,999.99,2016-01-01,9999-12-31,Y
580,105,Sun Bicycles Streamway 7 - 2017,Sun Bicycles,Comfort Bicycles,2017,533.99,2016-01-01,9999-12-31,Y
899,23,Electra Girl's Hawaii 1 (20-inch) - 2015/2016,Electra,Children Bicycles,2016,299.99,2016-01-01,9999-12-31,Y
4737,295,Electra Treasure 1 20 - 2018,Electra,Children Bicycles,2018,319.99,2016-01-01,9999-12-31,Y
3457,102,Electra Townie Original 7D - 2017,Electra,Comfort Bicycles,2017,489.99,2016-01-01,9999-12-31,Y
4226,199,Electra Townie Commute Go! Ladies' - 2018,Electra,Electric Bikes,2018,2999.99,2016-01-01,9999-12-31,Y
4417,188,Trek XM700+ Lowstep - 2018,Trek,Electric Bikes,2018,3499.99,2016-01-01,9999-12-31,Y
1412,207,Trek Boone 7 Disc - 2018,Trek,Cyclocross Bicycles,2018,3999.99,2016-01-01,9999-12-31,Y
1603,250,Electra Townie Go! 8i - 2017/2018,Electra,Cruisers Bicycles,2018,2599.99,2016-01-01,9999-12-31,Y
2308,45,Haro SR 1.2 - 2017,Haro,Mountain Bikes,2017,869.99,2016-01-01,9999-12-31,Y
4356,236,Electra Morningstar 3i Ladies' - 2018,Electra,Cruisers Bicycles,2018,749.99,2016-01-01,9999-12-31,Y
2116,243,Electra Townie Original 21D EQ Ladies' - 2018,Electra,Cruisers Bicycles,2018,679.99,2016-01-01,9999-12-31,Y
5572,172,Trek Domane ALR Disc Frameset - 2018,Trek,Road Bikes,2018,3199.99,2016-01-01,9999-12-31,Y
1155,130,Trek Stache Carbon Frameset - 2018,Trek,Mountain Bikes,2018,919.99,2016-01-01,9999-12-31,Y
2179,267,Trek Precaliber 12 Girl's - 2018,Trek,Children Bicycles,2018,199.99,2016-01-01,9999-12-31,Y
3012,288,Electra Straight 8 1 (20-inch) - Boy's - 2018,Electra,Children Bicycles,2018,389.99,2016-01-01,9999-12-31,Y
1921,215,Electra Queen of Hearts 3i - 2018,Electra,Cruisers Bicycles,2018,749.99,2016-01-01,9999-12-31,Y
1156,114,Trek Marlin 6 - 2018,Trek,Mountain Bikes,2018,579.99,2016-01-01,9999-12-31,Y
1988,193,Trek Lift+ - 2018,Trek,Electric Bikes,2018,2799.99,2016-01-01,9999-12-31,Y
515,104,Sun Bicycles Streamway - 2017,Sun Bicycles,Comfort Bicycles,2017,481.99,2016-01-01,9999-12-31,Y
643,190,Trek Dual Sport+ - 2018,Trek,Electric Bikes,2018,2799.99,2016-01-01,9999-12-31,Y
2242,162,Trek Emonda SL 6 Disc - 2018,Trek,Road Bikes,2018,2999.99,2016-01-01,9999-12-31,Y
961,66,Sun Bicycles Revolutions 24 - 2017,Sun Bicycles,Cruisers Bicycles,2017,250.99,2016-01-01,9999-12-31,Y
1985,231,Electra Cruiser Lux 3i Ladies' - 2018,Electra,Cruisers Bicycles,2018,529.99,2016-01-01,9999-12-31,Y
3524,158,Trek CrossRip 1 - 2018,Trek,Road Bikes,2018,959.99,2016-01-01,9999-12-31,Y
2434,135,Trek X-Caliber Frameset - 2018,Trek,Mountain Bikes,2018,1499.99,2016-01-01,9999-12-31,Y
3202,39,Trek Stache 5 - 2017,Trek,Mountain Bikes,2017,1499.99,2016-01-01,9999-12-31,Y
1410,17,Pure Cycles Vine 8-Speed - 2016,Pure Cycles,Cruisers Bicycles,2016,429.00,2016-01-01,9999-12-31,Y
2177,218,Electra Cruiser 7D - 2016/2017/2018,Electra,Cruisers Bicycles,2018,319.99,2016-01-01,9999-12-31,Y
4225,272,Trek Precaliber 20 6-speed Boy's - 2018,Trek,Children Bicycles,2018,289.99,2016-01-01,9999-12-31,Y
1348,221,Electra Cruiser 7D Ladies' - 2016/2018,Electra,Cruisers Bicycles,2018,319.99,2016-01-01,9999-12-31,Y
2626,314,Electra Townie Original 21D EQ Ladies' - 2018,Electra,Comfort Bicycles,2018,679.99,2016-01-01,9999-12-31,Y
3972,320,Trek Checkpoint SL 6 - 2019,Trek,Road Bikes,2019,3799.99,2016-01-01,9999-12-31,Y
833,241,Electra Townie Commute 8D - 2018,Electra,Cruisers Bicycles,2018,749.99,2016-01-01,9999-12-31,Y
1027,276,Trek Precaliber 24 (7-Speed) - Boys - 2018,Trek,Children Bicycles,2018,319.99,2016-01-01,9999-12-31,Y
772,268,Trek Kickster - 2018,Trek,Children Bicycles,2018,159.99,2016-01-01,9999-12-31,Y
1601,311,Electra Townie Commute 8D - 2018,Electra,Comfort Bicycles,2018,749.99,2016-01-01,9999-12-31,Y
3075,211,Surly Straggler 650b - 2018,Surly,Cyclocross Bicycles,2018,1549.00,2016-01-01,9999-12-31,Y
3265,296,Electra Treasure 3i 20 - 2018,Electra,Children Bicycles,2018,369.99,2016-01-01,9999-12-31,Y
3907,84,Sun Bicycles Lil Kitt'n - 2017,Sun Bicycles,Children Bicycles,2017,109.99,2016-01-01,9999-12-31,Y
5633,228,Electra Cruiser 7D Tall - 2016/2018,Electra,Cruisers Bicycles,2018,319.99,2016-01-01,9999-12-31,Y
769,283,Electra Heartchya 1 (20-inch) - Girl's - 2018,Electra,Children Bicycles,2018,319.99,2016-01-01,9999-12-31,Y
3140,57,Trek Emonda S 5 - 2017,Trek,Road Bikes,2017,1999.99,2016-01-01,9999-12-31,Y
1539,242,Electra Townie Commute 8D Ladies' - 2018,Electra,Cruisers Bicycles,2018,699.99,2016-01-01,9999-12-31,Y
642,19,Pure Cycles William 3-Speed - 2016,Pure Cycles,Cruisers Bicycles,2016,449.00,2016-01-01,9999-12-31,Y
1284,83,Trek Boy's Kickster - 2015/2017,Trek,Children Bicycles,2017,149.99,2016-01-01,9999-12-31,Y
1729,33,Surly Wednesday Frameset - 2017,Surly,Mountain Bikes,2017,469.99,2016-01-01,9999-12-31,Y
5316,71,Sun Bicycles Atlas X-Type - 2017,Sun Bicycles,Cruisers Bicycles,2017,416.99,2016-01-01,9999-12-31,Y
5377,304,Electra Townie Original 21D EQ - 2017/2018,Electra,Comfort Bicycles,2018,679.99,2016-01-01,9999-12-31,Y
3713,315,Electra Townie Original 21D Ladies' - 2018,Electra,Comfort Bicycles,2018,559.99,2016-01-01,9999-12-31,Y
451,93,Haro Shredder 20 Girls - 2017,Haro,Children Bicycles,2017,209.99,2016-01-01,9999-12-31,Y
1731,118,Trek X-Caliber 8 - 2018,Trek,Mountain Bikes,2018,999.99,2016-01-01,9999-12-31,Y
3521,154,Trek Domane SLR 6 Disc Women's - 2018,Trek,Road Bikes,2018,5499.99,2016-01-01,9999-12-31,Y
322,300,Electra Townie Balloon 3i EQ Ladies' - 2018,Electra,Comfort Bicycles,2018,799.99,2016-01-01,9999-12-31,Y
579,15,Electra Moto 1 - 2016,Electra,Cruisers Bicycles,2016,529.99,2016-01-01,9999-12-31,Y
707,291,Electra Sweet Ride 1 (20-inch) - Girl's - 2018,Electra,Children Bicycles,2018,319.99,2016-01-01,9999-12-31,Y
4419,200,Trek Powerfly 5 - 2018,Trek,Electric Bikes,2018,3499.99,2016-01-01,9999-12-31,Y
708,14,Electra Girl's Hawaii 1 (16-inch) - 2015/2016,Electra,Cruisers Bicycles,2016,269.99,2016-01-01,9999-12-31,Y
3906,145,Trek Domane ALR 5 Disc - 2018,Trek,Road Bikes,2018,1799.99,2016-01-01,9999-12-31,Y
387,208,Trek Crockett 5 Disc - 2018,Trek,Cyclocross Bicycles,2018,1799.99,2016-01-01,9999-12-31,Y
388,277,Trek Precaliber 24 21-speed Boy's - 2018,Trek,Children Bicycles,2018,369.99,2016-01-01,9999-12-31,Y
2051,178,Trek Domane AL 2 - 2018,Trek,Road Bikes,2018,749.99,2016-01-01,9999-12-31,Y
2819,155,Trek Domane SLR 9 Disc - 2018,Trek,Road Bikes,2018,11999.99,2016-01-01,9999-12-31,Y
3137,271,Trek Precaliber 16 Girl's - 2018,Trek,Children Bicycles,2018,209.99,2016-01-01,9999-12-31,Y
3460,227,Electra Cruiser 7D (24-Inch) Ladies' - 2016/2018,Electra,Cruisers Bicycles,2018,319.99,2016-01-01,9999-12-31,Y
1028,278,Trek Precaliber 24 21-speed Girl's - 2018,Trek,Children Bicycles,2018,369.99,2016-01-01,9999-12-31,Y
4099,256,Electra Townie Commute 27D - 2018,Electra,Cruisers Bicycles,2018,899.99,2016-01-01,9999-12-31,Y
2113,280,Trek Superfly 24 - 2017/2018,Trek,Children Bicycles,2018,489.99,2016-01-01,9999-12-31,Y
2178,28,Surly Karate Monkey 27.5+ Frameset - 2017,Surly,Mountain Bikes,2017,2499.99,2016-01-01,9999-12-31,Y
2756,210,Surly Straggler - 2018,Surly,Cyclocross Bicycles,2018,1549.00,2016-01-01,9999-12-31,Y
1987,40,Trek Fuel EX 9.8 29 - 2017,Trek,Mountain Bikes,2017,4999.99,2016-01-01,9999-12-31,Y
3523,149,Trek Domane SLR 8 Disc - 2018,Trek,Road Bikes,2018,7499.99,2016-01-01,9999-12-31,Y
4163,9,Trek Conduit+ - 2016,Trek,Electric Bikes,2016,2999.99,2016-01-01,9999-12-31,Y
449,140,Trek Remedy 9.8 27.5 - 2018,Trek,Mountain Bikes,2018,4999.99,2016-01-01,9999-12-31,Y
1411,2,Ritchey Timberwolf Frameset - 2016,Ritchey,Mountain Bikes,2016,749.99,2016-01-01,9999-12-31,Y
2563,56,Trek Domane SLR 6 Disc - 2017,Trek,Road Bikes,2017,5499.99,2016-01-01,9999-12-31,Y
1796,90,Trek Precaliber 16 Girls - 2017,Trek,Children Bicycles,2017,209.99,2016-01-01,9999-12-31,Y
4867,137,Heller Shagamaw GX1 - 2018,Heller,Mountain Bikes,2018,2599.00,2016-01-01,9999-12-31,Y
324,80,Sun Bicycles Brickell Tandem CB - 2017,Sun Bicycles,Cruisers Bicycles,2017,761.99,2016-01-01,9999-12-31,Y
1538,180,Trek Domane AL 3 Women's - 2018,Trek,Road Bikes,2018,919.99,2016-01-01,9999-12-31,Y
193,282,Electra Cyclosaurus 1 (16-inch) - Boy's - 2018,Electra,Children Bicycles,2018,279.99,2016-01-01,9999-12-31,Y
1281,301,Electra Townie Balloon 7i EQ - 2018,Electra,Comfort Bicycles,2018,899.99,2016-01-01,9999-12-31,Y
3329,203,Trek Powerfly 7 FS - 2018,Trek,Electric Bikes,2018,4999.99,2016-01-01,9999-12-31,Y
3969,126,Surly Big Fat Dummy Frameset - 2018,Surly,Mountain Bikes,2018,469.99,2016-01-01,9999-12-31,Y
2497,150,Trek Emonda SL 7 - 2018,Trek,Road Bikes,2018,4499.99,2016-01-01,9999-12-31,Y
3714,157,Trek Domane SL Frameset Women's - 2018,Trek,Road Bikes,2018,6499.99,2016-01-01,9999-12-31,Y
2947,159,Trek Emonda ALR 6 - 2018,Trek,Road Bikes,2018,2299.99,2016-01-01,9999-12-31,Y
3715,186,Trek CrossRip+ - 2018,Trek,Electric Bikes,2018,4499.99,2016-01-01,9999-12-31,Y
5185,260,Electra Townie Balloon 3i EQ Ladies' - 2018,Electra,Cruisers Bicycles,2018,799.99,2016-01-01,9999-12-31,Y
3522,173,Trek Domane ALR Frameset - 2018,Trek,Road Bikes,2018,3199.99,2016-01-01,9999-12-31,Y
5188,34,Trek Session DH 27.5 Carbon Frameset - 2017,Trek,Mountain Bikes,2017,469.99,2016-01-01,9999-12-31,Y
3393,12,Electra Townie Original 21D - 2016,Electra,Cruisers Bicycles,2016,549.99,2016-01-01,9999-12-31,Y
3395,100,Electra Townie 3i EQ (20-inch) - Boys' - 2017,Electra,Children Bicycles,2017,489.99,2016-01-01,9999-12-31,Y
4353,124,Surly Krampus - 2018,Surly,Mountain Bikes,2018,1499.00,2016-01-01,9999-12-31,Y
577,204,Trek Super Commuter+ 7 - 2018,Trek,Electric Bikes,2018,3599.99,2016-01-01,9999-12-31,Y
3011,237,Electra Relic 3i - 2018,Electra,Cruisers Bicycles,2018,849.99,2016-01-01,9999-12-31,Y
3396,111,Sun Bicycles Drifter 7 - Women's - 2017,Sun Bicycles,Comfort Bicycles,2017,470.99,2016-01-01,9999-12-31,Y
1794,82,Electra Amsterdam Original 3i Ladies' - 2017,Electra,Cruisers Bicycles,2017,659.99,2016-01-01,9999-12-31,Y
3332,171,Trek Domane SL 6 - 2018,Trek,Road Bikes,2018,3199.99,2016-01-01,9999-12-31,Y
4098,156,Trek Domane SL Frameset - 2018,Trek,Road Bikes,2018,6499.99,2016-01-01,9999-12-31,Y
4289,110,Sun Bicycles Drifter 7 - 2017,Sun Bicycles,Comfort Bicycles,2017,470.99,2016-01-01,9999-12-31,Y
4611,187,Trek Neko+ - 2018,Trek,Electric Bikes,2018,2799.99,2016-01-01,9999-12-31,Y
5060,308,Electra Townie Balloon 8D EQ Ladies' - 2016/2017/2018,Electra,Comfort Bicycles,2018,749.99,2016-01-01,9999-12-31,Y
